----------------------------------------------------------------------------------------------------,
Accel-Sim-build,
APPS,H100
backprop-rodinia-2.0-ft/4096___data_result_4096_txt--all_kernels,accelsim-commit-ab9c47b_modified_0.0_26-09-06-19-18-22
bfs-rodinia-2.0-ft/__data_graph4096_txt___data_graph4096_result_txt--all_kernels,accelsim-commit-ab9c47b_modified_0.0_26-09-06-19-18-22
hotspot-rodinia-2.0-ft/30_6_40___data_result_30_6_40_txt--all_kernels,accelsim-commit-ab9c47b_modified_0.0_26-09-06-19-18-22
heartwall-rodinia-2.0-ft/__data_test_avi_1___data_result_1_txt--all_kernels,accelsim-commit-ab9c47b_modified_0.0_26-09-06-19-18-22
lud-rodinia-2.0-ft/_v__b__i___data_64_dat--all_kernels,accelsim-commit-ab9c47b_modified_0.0_26-09-06-19-18-22
nw-rodinia-2.0-ft/128_10___data_result_128_10_txt--all_kernels,accelsim-commit-ab9c47b_modified_0.0_26-09-06-19-18-22
nn-rodinia-2.0-ft/__data_filelist_4_3_30_90___data_filelist_4_3_30_90_result_txt--all_kernels,accelsim-commit-ab9c47b_modified_0.0_26-09-06-19-18-22
pathfinder-rodinia-2.0-ft/1000_20_5___data_result_1000_20_5_txt--all_kernels,accelsim-commit-ab9c47b_modified_0.0_26-09-06-19-18-22
srad_v2-rodinia-2.0-ft/__data_matrix128x128_txt_0_127_0_127__5_2___data_result_matrix128x128_1_150_1_100__5_2_txt--all_kernels,accelsim-commit-ab9c47b_modified_0.0_26-09-06-19-18-22
streamcluster-rodinia-2.0-ft/3_6_16_1024_1024_100_none_output_txt_1___data_result_3_6_16_1024_1024_100_none_1_txt--all_kernels,accelsim-commit-ab9c47b_modified_0.0_26-09-06-19-18-22

----------------------------------------------------------------------------------------------------,
GPGPU-Sim-build,
APPS,H100
backprop-rodinia-2.0-ft/4096___data_result_4096_txt--all_kernels,gpgpu-sim_git-commit-91880c53_modified_0.0.
bfs-rodinia-2.0-ft/__data_graph4096_txt___data_graph4096_result_txt--all_kernels,gpgpu-sim_git-commit-91880c53_modified_0.0.
hotspot-rodinia-2.0-ft/30_6_40___data_result_30_6_40_txt--all_kernels,gpgpu-sim_git-commit-91880c53_modified_0.0.
heartwall-rodinia-2.0-ft/__data_test_avi_1___data_result_1_txt--all_kernels,gpgpu-sim_git-commit-91880c53_modified_0.0.
lud-rodinia-2.0-ft/_v__b__i___data_64_dat--all_kernels,gpgpu-sim_git-commit-91880c53_modified_0.0.
nw-rodinia-2.0-ft/128_10___data_result_128_10_txt--all_kernels,gpgpu-sim_git-commit-91880c53_modified_0.0.
nn-rodinia-2.0-ft/__data_filelist_4_3_30_90___data_filelist_4_3_30_90_result_txt--all_kernels,gpgpu-sim_git-commit-91880c53_modified_0.0.
pathfinder-rodinia-2.0-ft/1000_20_5___data_result_1000_20_5_txt--all_kernels,gpgpu-sim_git-commit-91880c53_modified_0.0.
srad_v2-rodinia-2.0-ft/__data_matrix128x128_txt_0_127_0_127__5_2___data_result_matrix128x128_1_150_1_100__5_2_txt--all_kernels,gpgpu-sim_git-commit-91880c53_modified_0.0.
streamcluster-rodinia-2.0-ft/3_6_16_1024_1024_100_none_output_txt_1___data_result_3_6_16_1024_1024_100_none_1_txt--all_kernels,gpgpu-sim_git-commit-91880c53_modified_0.0.

----------------------------------------------------------------------------------------------------,
gpu_tot_sim_insn\s*=\s*(.*),
APPS,H100
backprop-rodinia-2.0-ft/4096___data_result_4096_txt--final_kernel,9290080
bfs-rodinia-2.0-ft/__data_graph4096_txt___data_graph4096_result_txt--final_kernel,1207402
hotspot-rodinia-2.0-ft/30_6_40___data_result_30_6_40_txt--final_kernel,32639372
heartwall-rodinia-2.0-ft/__data_test_avi_1___data_result_1_txt--final_kernel,6900708
lud-rodinia-2.0-ft/_v__b__i___data_64_dat--final_kernel,420900
nw-rodinia-2.0-ft/128_10___data_result_128_10_txt--final_kernel,572068
nn-rodinia-2.0-ft/__data_filelist_4_3_30_90___data_filelist_4_3_30_90_result_txt--final_kernel,6925358
pathfinder-rodinia-2.0-ft/1000_20_5___data_result_1000_20_5_txt--final_kernel,1000848
srad_v2-rodinia-2.0-ft/__data_matrix128x128_txt_0_127_0_127__5_2___data_result_matrix128x128_1_150_1_100__5_2_txt--final_kernel,10097470
streamcluster-rodinia-2.0-ft/3_6_16_1024_1024_100_none_output_txt_1___data_result_3_6_16_1024_1024_100_none_1_txt--final_kernel,20123220

----------------------------------------------------------------------------------------------------,
gpgpu_simulation_time\s*=.*\(([0-9]+) sec\).*,
APPS,H100
backprop-rodinia-2.0-ft/4096___data_result_4096_txt--final_kernel,32
bfs-rodinia-2.0-ft/__data_graph4096_txt___data_graph4096_result_txt--final_kernel,43
hotspot-rodinia-2.0-ft/30_6_40___data_result_30_6_40_txt--final_kernel,67
heartwall-rodinia-2.0-ft/__data_test_avi_1___data_result_1_txt--final_kernel,17
lud-rodinia-2.0-ft/_v__b__i___data_64_dat--final_kernel,39
nw-rodinia-2.0-ft/128_10___data_result_128_10_txt--final_kernel,38
nn-rodinia-2.0-ft/__data_filelist_4_3_30_90___data_filelist_4_3_30_90_result_txt--final_kernel,68
pathfinder-rodinia-2.0-ft/1000_20_5___data_result_1000_20_5_txt--final_kernel,10
srad_v2-rodinia-2.0-ft/__data_matrix128x128_txt_0_127_0_127__5_2___data_result_matrix128x128_1_150_1_100__5_2_txt--final_kernel,44
streamcluster-rodinia-2.0-ft/3_6_16_1024_1024_100_none_output_txt_1___data_result_3_6_16_1024_1024_100_none_1_txt--final_kernel,248

----------------------------------------------------------------------------------------------------,
gpu_tot_sim_cycle\s*=\s*(.*),
APPS,H100
backprop-rodinia-2.0-ft/4096___data_result_4096_txt--final_kernel,10086
bfs-rodinia-2.0-ft/__data_graph4096_txt___data_graph4096_result_txt--final_kernel,103294
hotspot-rodinia-2.0-ft/30_6_40___data_result_30_6_40_txt--final_kernel,41618
heartwall-rodinia-2.0-ft/__data_test_avi_1___data_result_1_txt--final_kernel,6753
lud-rodinia-2.0-ft/_v__b__i___data_64_dat--final_kernel,127320
nw-rodinia-2.0-ft/128_10___data_result_128_10_txt--final_kernel,115879
nn-rodinia-2.0-ft/__data_filelist_4_3_30_90___data_filelist_4_3_30_90_result_txt--final_kernel,21601
pathfinder-rodinia-2.0-ft/1000_20_5___data_result_1000_20_5_txt--final_kernel,26203
srad_v2-rodinia-2.0-ft/__data_matrix128x128_txt_0_127_0_127__5_2___data_result_matrix128x128_1_150_1_100__5_2_txt--final_kernel,25078
streamcluster-rodinia-2.0-ft/3_6_16_1024_1024_100_none_output_txt_1___data_result_3_6_16_1024_1024_100_none_1_txt--final_kernel,996666

----------------------------------------------------------------------------------------------------,
\s+L2_cache_stats_breakdown\[GLOBAL_ACC_R\]\[HIT\]\s*=\s*(.*),
APPS,H100
backprop-rodinia-2.0-ft/4096___data_result_4096_txt--final_kernel,18015
bfs-rodinia-2.0-ft/__data_graph4096_txt___data_graph4096_result_txt--final_kernel,8204
hotspot-rodinia-2.0-ft/30_6_40___data_result_30_6_40_txt--final_kernel,6344
heartwall-rodinia-2.0-ft/__data_test_avi_1___data_result_1_txt--final_kernel,17067
lud-rodinia-2.0-ft/_v__b__i___data_64_dat--final_kernel,1440
nw-rodinia-2.0-ft/128_10___data_result_128_10_txt--final_kernel,4160
nn-rodinia-2.0-ft/__data_filelist_4_3_30_90___data_filelist_4_3_30_90_result_txt--final_kernel,62876
pathfinder-rodinia-2.0-ft/1000_20_5___data_result_1000_20_5_txt--final_kernel,2920
srad_v2-rodinia-2.0-ft/__data_matrix128x128_txt_0_127_0_127__5_2___data_result_matrix128x128_1_150_1_100__5_2_txt--final_kernel,31550
streamcluster-rodinia-2.0-ft/3_6_16_1024_1024_100_none_output_txt_1___data_result_3_6_16_1024_1024_100_none_1_txt--final_kernel,456748

----------------------------------------------------------------------------------------------------,
\s+L2_cache_stats_breakdown\[GLOBAL_ACC_R\]\[TOTAL_ACCESS\]\s*=\s*(.*),
APPS,H100
backprop-rodinia-2.0-ft/4096___data_result_4096_txt--final_kernel,27319
bfs-rodinia-2.0-ft/__data_graph4096_txt___data_graph4096_result_txt--final_kernel,12815
hotspot-rodinia-2.0-ft/30_6_40___data_result_30_6_40_txt--final_kernel,7209
heartwall-rodinia-2.0-ft/__data_test_avi_1___data_result_1_txt--final_kernel,17067
lud-rodinia-2.0-ft/_v__b__i___data_64_dat--final_kernel,1440
nw-rodinia-2.0-ft/128_10___data_result_128_10_txt--final_kernel,4160
nn-rodinia-2.0-ft/__data_filelist_4_3_30_90___data_filelist_4_3_30_90_result_txt--final_kernel,78752
pathfinder-rodinia-2.0-ft/1000_20_5___data_result_1000_20_5_txt--final_kernel,2943
srad_v2-rodinia-2.0-ft/__data_matrix128x128_txt_0_127_0_127__5_2___data_result_matrix128x128_1_150_1_100__5_2_txt--final_kernel,35582
streamcluster-rodinia-2.0-ft/3_6_16_1024_1024_100_none_output_txt_1___data_result_3_6_16_1024_1024_100_none_1_txt--final_kernel,461571

----------------------------------------------------------------------------------------------------,
\s+L2_cache_stats_breakdown\[GLOBAL_ACC_W\]\[HIT\]\s*=\s*(.*),
APPS,H100
backprop-rodinia-2.0-ft/4096___data_result_4096_txt--final_kernel,32262
bfs-rodinia-2.0-ft/__data_graph4096_txt___data_graph4096_result_txt--final_kernel,16733
hotspot-rodinia-2.0-ft/30_6_40___data_result_30_6_40_txt--final_kernel,1962
heartwall-rodinia-2.0-ft/__data_test_avi_1___data_result_1_txt--final_kernel,3838
lud-rodinia-2.0-ft/_v__b__i___data_64_dat--final_kernel,1780
nw-rodinia-2.0-ft/128_10___data_result_128_10_txt--final_kernel,2944
nn-rodinia-2.0-ft/__data_filelist_4_3_30_90___data_filelist_4_3_30_90_result_txt--final_kernel,5625
pathfinder-rodinia-2.0-ft/1000_20_5___data_result_1000_20_5_txt--final_kernel,500
srad_v2-rodinia-2.0-ft/__data_matrix128x128_txt_0_127_0_127__5_2___data_result_matrix128x128_1_150_1_100__5_2_txt--final_kernel,4128
streamcluster-rodinia-2.0-ft/3_6_16_1024_1024_100_none_output_txt_1___data_result_3_6_16_1024_1024_100_none_1_txt--final_kernel,50348

----------------------------------------------------------------------------------------------------,
\s+L2_cache_stats_breakdown\[GLOBAL_ACC_W\]\[TOTAL_ACCESS\]\s*=\s*(.*),
APPS,H100
backprop-rodinia-2.0-ft/4096___data_result_4096_txt--final_kernel,32774
bfs-rodinia-2.0-ft/__data_graph4096_txt___data_graph4096_result_txt--final_kernel,17668
hotspot-rodinia-2.0-ft/30_6_40___data_result_30_6_40_txt--final_kernel,1962
heartwall-rodinia-2.0-ft/__data_test_avi_1___data_result_1_txt--final_kernel,20522
lud-rodinia-2.0-ft/_v__b__i___data_64_dat--final_kernel,1780
nw-rodinia-2.0-ft/128_10___data_result_128_10_txt--final_kernel,2944
nn-rodinia-2.0-ft/__data_filelist_4_3_30_90___data_filelist_4_3_30_90_result_txt--final_kernel,7500
pathfinder-rodinia-2.0-ft/1000_20_5___data_result_1000_20_5_txt--final_kernel,625
srad_v2-rodinia-2.0-ft/__data_matrix128x128_txt_0_127_0_127__5_2___data_result_matrix128x128_1_150_1_100__5_2_txt--final_kernel,24576
streamcluster-rodinia-2.0-ft/3_6_16_1024_1024_100_none_output_txt_1___data_result_3_6_16_1024_1024_100_none_1_txt--final_kernel,50595

----------------------------------------------------------------------------------------------------,
\s+L2_cache_stats_breakdown\[CHIPLET_ACC_R\]\[HIT\]\s*=\s*(.*),
APPS,H100
backprop-rodinia-2.0-ft/4096___data_result_4096_txt--final_kernel,4472
bfs-rodinia-2.0-ft/__data_graph4096_txt___data_graph4096_result_txt--final_kernel,2231
hotspot-rodinia-2.0-ft/30_6_40___data_result_30_6_40_txt--final_kernel,18
heartwall-rodinia-2.0-ft/__data_test_avi_1___data_result_1_txt--final_kernel,0
lud-rodinia-2.0-ft/_v__b__i___data_64_dat--final_kernel,0
nw-rodinia-2.0-ft/128_10___data_result_128_10_txt--final_kernel,0
nn-rodinia-2.0-ft/__data_filelist_4_3_30_90___data_filelist_4_3_30_90_result_txt--final_kernel,7916
pathfinder-rodinia-2.0-ft/1000_20_5___data_result_1000_20_5_txt--final_kernel,0
srad_v2-rodinia-2.0-ft/__data_matrix128x128_txt_0_127_0_127__5_2___data_result_matrix128x128_1_150_1_100__5_2_txt--final_kernel,2048
streamcluster-rodinia-2.0-ft/3_6_16_1024_1024_100_none_output_txt_1___data_result_3_6_16_1024_1024_100_none_1_txt--final_kernel,2013

----------------------------------------------------------------------------------------------------,
\s+L2_cache_stats_breakdown\[CHIPLET_ACC_R\]\[TOTAL_ACCESS\]\s*=\s*(.*),
APPS,H100
backprop-rodinia-2.0-ft/4096___data_result_4096_txt--final_kernel,4474
bfs-rodinia-2.0-ft/__data_graph4096_txt___data_graph4096_result_txt--final_kernel,2231
hotspot-rodinia-2.0-ft/30_6_40___data_result_30_6_40_txt--final_kernel,27
heartwall-rodinia-2.0-ft/__data_test_avi_1___data_result_1_txt--final_kernel,NA
lud-rodinia-2.0-ft/_v__b__i___data_64_dat--final_kernel,NA
nw-rodinia-2.0-ft/128_10___data_result_128_10_txt--final_kernel,NA
nn-rodinia-2.0-ft/__data_filelist_4_3_30_90___data_filelist_4_3_30_90_result_txt--final_kernel,7916
pathfinder-rodinia-2.0-ft/1000_20_5___data_result_1000_20_5_txt--final_kernel,18
srad_v2-rodinia-2.0-ft/__data_matrix128x128_txt_0_127_0_127__5_2___data_result_matrix128x128_1_150_1_100__5_2_txt--final_kernel,2080
streamcluster-rodinia-2.0-ft/3_6_16_1024_1024_100_none_output_txt_1___data_result_3_6_16_1024_1024_100_none_1_txt--final_kernel,2709

----------------------------------------------------------------------------------------------------,
\s+L2_cache_stats_breakdown\[CHIPLET_ACC_W\]\[HIT\]\s*=\s*(.*),
APPS,H100
backprop-rodinia-2.0-ft/4096___data_result_4096_txt--final_kernel,0
bfs-rodinia-2.0-ft/__data_graph4096_txt___data_graph4096_result_txt--final_kernel,0
hotspot-rodinia-2.0-ft/30_6_40___data_result_30_6_40_txt--final_kernel,0
heartwall-rodinia-2.0-ft/__data_test_avi_1___data_result_1_txt--final_kernel,0
lud-rodinia-2.0-ft/_v__b__i___data_64_dat--final_kernel,0
nw-rodinia-2.0-ft/128_10___data_result_128_10_txt--final_kernel,0
nn-rodinia-2.0-ft/__data_filelist_4_3_30_90___data_filelist_4_3_30_90_result_txt--final_kernel,0
pathfinder-rodinia-2.0-ft/1000_20_5___data_result_1000_20_5_txt--final_kernel,0
srad_v2-rodinia-2.0-ft/__data_matrix128x128_txt_0_127_0_127__5_2___data_result_matrix128x128_1_150_1_100__5_2_txt--final_kernel,0
streamcluster-rodinia-2.0-ft/3_6_16_1024_1024_100_none_output_txt_1___data_result_3_6_16_1024_1024_100_none_1_txt--final_kernel,0

----------------------------------------------------------------------------------------------------,
\s+L2_cache_stats_breakdown\[CHIPLET_ACC_W\]\[TOTAL_ACCESS\]\s*=\s*(.*),
APPS,H100
backprop-rodinia-2.0-ft/4096___data_result_4096_txt--final_kernel,NA
bfs-rodinia-2.0-ft/__data_graph4096_txt___data_graph4096_result_txt--final_kernel,NA
hotspot-rodinia-2.0-ft/30_6_40___data_result_30_6_40_txt--final_kernel,NA
heartwall-rodinia-2.0-ft/__data_test_avi_1___data_result_1_txt--final_kernel,NA
lud-rodinia-2.0-ft/_v__b__i___data_64_dat--final_kernel,NA
nw-rodinia-2.0-ft/128_10___data_result_128_10_txt--final_kernel,NA
nn-rodinia-2.0-ft/__data_filelist_4_3_30_90___data_filelist_4_3_30_90_result_txt--final_kernel,NA
pathfinder-rodinia-2.0-ft/1000_20_5___data_result_1000_20_5_txt--final_kernel,NA
srad_v2-rodinia-2.0-ft/__data_matrix128x128_txt_0_127_0_127__5_2___data_result_matrix128x128_1_150_1_100__5_2_txt--final_kernel,NA
streamcluster-rodinia-2.0-ft/3_6_16_1024_1024_100_none_output_txt_1___data_result_3_6_16_1024_1024_100_none_1_txt--final_kernel,NA

----------------------------------------------------------------------------------------------------,
\s+Total_core_cache_stats_breakdown\[GLOBAL_ACC_R\]\[TOTAL_ACCESS\]\s*=\s*(.*),
APPS,H100
backprop-rodinia-2.0-ft/4096___data_result_4096_txt--final_kernel,62479
bfs-rodinia-2.0-ft/__data_graph4096_txt___data_graph4096_result_txt--final_kernel,70381
hotspot-rodinia-2.0-ft/30_6_40___data_result_30_6_40_txt--final_kernel,26757
heartwall-rodinia-2.0-ft/__data_test_avi_1___data_result_1_txt--final_kernel,30987
lud-rodinia-2.0-ft/_v__b__i___data_64_dat--final_kernel,2048
nw-rodinia-2.0-ft/128_10___data_result_128_10_txt--final_kernel,4224
nn-rodinia-2.0-ft/__data_filelist_4_3_30_90___data_filelist_4_3_30_90_result_txt--final_kernel,480000
pathfinder-rodinia-2.0-ft/1000_20_5___data_result_1000_20_5_txt--final_kernel,3723
srad_v2-rodinia-2.0-ft/__data_matrix128x128_txt_0_127_0_127__5_2___data_result_matrix128x128_1_150_1_100__5_2_txt--final_kernel,42496
streamcluster-rodinia-2.0-ft/3_6_16_1024_1024_100_none_output_txt_1___data_result_3_6_16_1024_1024_100_none_1_txt--final_kernel,644049

----------------------------------------------------------------------------------------------------,
\s+Total_core_cache_stats_breakdown\[GLOBAL_ACC_R\]\[HIT\]\s*=\s*(.*),
APPS,H100
backprop-rodinia-2.0-ft/4096___data_result_4096_txt--final_kernel,18955
bfs-rodinia-2.0-ft/__data_graph4096_txt___data_graph4096_result_txt--final_kernel,54352
hotspot-rodinia-2.0-ft/30_6_40___data_result_30_6_40_txt--final_kernel,0
heartwall-rodinia-2.0-ft/__data_test_avi_1___data_result_1_txt--final_kernel,7616
lud-rodinia-2.0-ft/_v__b__i___data_64_dat--final_kernel,0
nw-rodinia-2.0-ft/128_10___data_result_128_10_txt--final_kernel,64
nn-rodinia-2.0-ft/__data_filelist_4_3_30_90___data_filelist_4_3_30_90_result_txt--final_kernel,4399
pathfinder-rodinia-2.0-ft/1000_20_5___data_result_1000_20_5_txt--final_kernel,0
srad_v2-rodinia-2.0-ft/__data_matrix128x128_txt_0_127_0_127__5_2___data_result_matrix128x128_1_150_1_100__5_2_txt--final_kernel,864
streamcluster-rodinia-2.0-ft/3_6_16_1024_1024_100_none_output_txt_1___data_result_3_6_16_1024_1024_100_none_1_txt--final_kernel,56482

----------------------------------------------------------------------------------------------------,
\s+Total_core_cache_stats_breakdown\[GLOBAL_ACC_W\]\[HIT\]\s*=\s*(.*),
APPS,H100
backprop-rodinia-2.0-ft/4096___data_result_4096_txt--final_kernel,32262
bfs-rodinia-2.0-ft/__data_graph4096_txt___data_graph4096_result_txt--final_kernel,8507
hotspot-rodinia-2.0-ft/30_6_40___data_result_30_6_40_txt--final_kernel,1711
heartwall-rodinia-2.0-ft/__data_test_avi_1___data_result_1_txt--final_kernel,3794
lud-rodinia-2.0-ft/_v__b__i___data_64_dat--final_kernel,1780
nw-rodinia-2.0-ft/128_10___data_result_128_10_txt--final_kernel,896
nn-rodinia-2.0-ft/__data_filelist_4_3_30_90___data_filelist_4_3_30_90_result_txt--final_kernel,0
pathfinder-rodinia-2.0-ft/1000_20_5___data_result_1000_20_5_txt--final_kernel,112
srad_v2-rodinia-2.0-ft/__data_matrix128x128_txt_0_127_0_127__5_2___data_result_matrix128x128_1_150_1_100__5_2_txt--final_kernel,4096
streamcluster-rodinia-2.0-ft/3_6_16_1024_1024_100_none_output_txt_1___data_result_3_6_16_1024_1024_100_none_1_txt--final_kernel,43468

----------------------------------------------------------------------------------------------------,
\s+Total_core_cache_stats_breakdown\[GLOBAL_ACC_W\]\[TOTAL_ACCESS\]\s*=\s*(.*),
APPS,H100
backprop-rodinia-2.0-ft/4096___data_result_4096_txt--final_kernel,32774
bfs-rodinia-2.0-ft/__data_graph4096_txt___data_graph4096_result_txt--final_kernel,17668
hotspot-rodinia-2.0-ft/30_6_40___data_result_30_6_40_txt--final_kernel,1962
heartwall-rodinia-2.0-ft/__data_test_avi_1___data_result_1_txt--final_kernel,20522
lud-rodinia-2.0-ft/_v__b__i___data_64_dat--final_kernel,1780
nw-rodinia-2.0-ft/128_10___data_result_128_10_txt--final_kernel,2944
nn-rodinia-2.0-ft/__data_filelist_4_3_30_90___data_filelist_4_3_30_90_result_txt--final_kernel,7500
pathfinder-rodinia-2.0-ft/1000_20_5___data_result_1000_20_5_txt--final_kernel,625
srad_v2-rodinia-2.0-ft/__data_matrix128x128_txt_0_127_0_127__5_2___data_result_matrix128x128_1_150_1_100__5_2_txt--final_kernel,24576
streamcluster-rodinia-2.0-ft/3_6_16_1024_1024_100_none_output_txt_1___data_result_3_6_16_1024_1024_100_none_1_txt--final_kernel,50595

----------------------------------------------------------------------------------------------------,
\s+Total_core_cache_stats_breakdown\[GLOBAL_ACC_R\]\[MSHR_HIT\]\s*=\s*(.*),
APPS,H100
backprop-rodinia-2.0-ft/4096___data_result_4096_txt--final_kernel,14743
bfs-rodinia-2.0-ft/__data_graph4096_txt___data_graph4096_result_txt--final_kernel,1554
hotspot-rodinia-2.0-ft/30_6_40___data_result_30_6_40_txt--final_kernel,186
heartwall-rodinia-2.0-ft/__data_test_avi_1___data_result_1_txt--final_kernel,4552
lud-rodinia-2.0-ft/_v__b__i___data_64_dat--final_kernel,0
nw-rodinia-2.0-ft/128_10___data_result_128_10_txt--final_kernel,0
nn-rodinia-2.0-ft/__data_filelist_4_3_30_90___data_filelist_4_3_30_90_result_txt--final_kernel,396849
pathfinder-rodinia-2.0-ft/1000_20_5___data_result_1000_20_5_txt--final_kernel,597
srad_v2-rodinia-2.0-ft/__data_matrix128x128_txt_0_127_0_127__5_2___data_result_matrix128x128_1_150_1_100__5_2_txt--final_kernel,6048
streamcluster-rodinia-2.0-ft/3_6_16_1024_1024_100_none_output_txt_1___data_result_3_6_16_1024_1024_100_none_1_txt--final_kernel,123577

----------------------------------------------------------------------------------------------------,
gpgpu_n_tot_w_icount\s*=\s*(.*),
APPS,H100
backprop-rodinia-2.0-ft/4096___data_result_4096_txt--final_kernel,370711
bfs-rodinia-2.0-ft/__data_graph4096_txt___data_graph4096_result_txt--final_kernel,154856
hotspot-rodinia-2.0-ft/30_6_40___data_result_30_6_40_txt--final_kernel,1249006
heartwall-rodinia-2.0-ft/__data_test_avi_1___data_result_1_txt--final_kernel,251583
lud-rodinia-2.0-ft/_v__b__i___data_64_dat--final_kernel,32310
nw-rodinia-2.0-ft/128_10___data_result_128_10_txt--final_kernel,50496
nn-rodinia-2.0-ft/__data_filelist_4_3_30_90___data_filelist_4_3_30_90_result_txt--final_kernel,687676
pathfinder-rodinia-2.0-ft/1000_20_5___data_result_1000_20_5_txt--final_kernel,35712
srad_v2-rodinia-2.0-ft/__data_matrix128x128_txt_0_127_0_127__5_2___data_result_matrix128x128_1_150_1_100__5_2_txt--final_kernel,363520
streamcluster-rodinia-2.0-ft/3_6_16_1024_1024_100_none_output_txt_1___data_result_3_6_16_1024_1024_100_none_1_txt--final_kernel,697320

----------------------------------------------------------------------------------------------------,
total dram reads\s*=\s*(.*),
APPS,H100
backprop-rodinia-2.0-ft/4096___data_result_4096_txt--final_kernel,4808
bfs-rodinia-2.0-ft/__data_graph4096_txt___data_graph4096_result_txt--final_kernel,2352
hotspot-rodinia-2.0-ft/30_6_40___data_result_30_6_40_txt--final_kernel,254
heartwall-rodinia-2.0-ft/__data_test_avi_1___data_result_1_txt--final_kernel,0
lud-rodinia-2.0-ft/_v__b__i___data_64_dat--final_kernel,0
nw-rodinia-2.0-ft/128_10___data_result_128_10_txt--final_kernel,0
nn-rodinia-2.0-ft/__data_filelist_4_3_30_90___data_filelist_4_3_30_90_result_txt--final_kernel,7960
pathfinder-rodinia-2.0-ft/1000_20_5___data_result_1000_20_5_txt--final_kernel,19
srad_v2-rodinia-2.0-ft/__data_matrix128x128_txt_0_127_0_127__5_2___data_result_matrix128x128_1_150_1_100__5_2_txt--final_kernel,1984
streamcluster-rodinia-2.0-ft/3_6_16_1024_1024_100_none_output_txt_1___data_result_3_6_16_1024_1024_100_none_1_txt--final_kernel,2810

----------------------------------------------------------------------------------------------------,
total dram writes\s*=\s*(.*),
APPS,H100
backprop-rodinia-2.0-ft/4096___data_result_4096_txt--final_kernel,0
bfs-rodinia-2.0-ft/__data_graph4096_txt___data_graph4096_result_txt--final_kernel,0
hotspot-rodinia-2.0-ft/30_6_40___data_result_30_6_40_txt--final_kernel,0
heartwall-rodinia-2.0-ft/__data_test_avi_1___data_result_1_txt--final_kernel,0
lud-rodinia-2.0-ft/_v__b__i___data_64_dat--final_kernel,0
nw-rodinia-2.0-ft/128_10___data_result_128_10_txt--final_kernel,0
nn-rodinia-2.0-ft/__data_filelist_4_3_30_90___data_filelist_4_3_30_90_result_txt--final_kernel,0
pathfinder-rodinia-2.0-ft/1000_20_5___data_result_1000_20_5_txt--final_kernel,0
srad_v2-rodinia-2.0-ft/__data_matrix128x128_txt_0_127_0_127__5_2___data_result_matrix128x128_1_150_1_100__5_2_txt--final_kernel,0
streamcluster-rodinia-2.0-ft/3_6_16_1024_1024_100_none_output_txt_1___data_result_3_6_16_1024_1024_100_none_1_txt--final_kernel,0

----------------------------------------------------------------------------------------------------,
kernel_launch_uid\s*=\s*(.*),
APPS,H100
backprop-rodinia-2.0-ft/4096___data_result_4096_txt--final_kernel,2
bfs-rodinia-2.0-ft/__data_graph4096_txt___data_graph4096_result_txt--final_kernel,16
hotspot-rodinia-2.0-ft/30_6_40___data_result_30_6_40_txt--final_kernel,7
heartwall-rodinia-2.0-ft/__data_test_avi_1___data_result_1_txt--final_kernel,1
lud-rodinia-2.0-ft/_v__b__i___data_64_dat--final_kernel,10
nw-rodinia-2.0-ft/128_10___data_result_128_10_txt--final_kernel,15
nn-rodinia-2.0-ft/__data_filelist_4_3_30_90___data_filelist_4_3_30_90_result_txt--final_kernel,4
pathfinder-rodinia-2.0-ft/1000_20_5___data_result_1000_20_5_txt--final_kernel,4
srad_v2-rodinia-2.0-ft/__data_matrix128x128_txt_0_127_0_127__5_2___data_result_matrix128x128_1_150_1_100__5_2_txt--final_kernel,4
streamcluster-rodinia-2.0-ft/3_6_16_1024_1024_100_none_output_txt_1___data_result_3_6_16_1024_1024_100_none_1_txt--final_kernel,130

----------------------------------------------------------------------------------------------------,
gpgpu_n_shmem_bkconflict\s*=\s*(.*),
APPS,H100
backprop-rodinia-2.0-ft/4096___data_result_4096_txt--final_kernel,0
bfs-rodinia-2.0-ft/__data_graph4096_txt___data_graph4096_result_txt--final_kernel,0
hotspot-rodinia-2.0-ft/30_6_40___data_result_30_6_40_txt--final_kernel,18272
heartwall-rodinia-2.0-ft/__data_test_avi_1___data_result_1_txt--final_kernel,0
lud-rodinia-2.0-ft/_v__b__i___data_64_dat--final_kernel,3360
nw-rodinia-2.0-ft/128_10___data_result_128_10_txt--final_kernel,26880
nn-rodinia-2.0-ft/__data_filelist_4_3_30_90___data_filelist_4_3_30_90_result_txt--final_kernel,0
pathfinder-rodinia-2.0-ft/1000_20_5___data_result_1000_20_5_txt--final_kernel,71
srad_v2-rodinia-2.0-ft/__data_matrix128x128_txt_0_127_0_127__5_2___data_result_matrix128x128_1_150_1_100__5_2_txt--final_kernel,5372
streamcluster-rodinia-2.0-ft/3_6_16_1024_1024_100_none_output_txt_1___data_result_3_6_16_1024_1024_100_none_1_txt--final_kernel,0

----------------------------------------------------------------------------------------------------,
gpgpu_n_l1cache_bkconflict\s*=\s*(.*),
APPS,H100
backprop-rodinia-2.0-ft/4096___data_result_4096_txt--final_kernel,515
bfs-rodinia-2.0-ft/__data_graph4096_txt___data_graph4096_result_txt--final_kernel,16323
hotspot-rodinia-2.0-ft/30_6_40___data_result_30_6_40_txt--final_kernel,6008
heartwall-rodinia-2.0-ft/__data_test_avi_1___data_result_1_txt--final_kernel,2173
lud-rodinia-2.0-ft/_v__b__i___data_64_dat--final_kernel,448
nw-rodinia-2.0-ft/128_10___data_result_128_10_txt--final_kernel,832
nn-rodinia-2.0-ft/__data_filelist_4_3_30_90___data_filelist_4_3_30_90_result_txt--final_kernel,62683
pathfinder-rodinia-2.0-ft/1000_20_5___data_result_1000_20_5_txt--final_kernel,49
srad_v2-rodinia-2.0-ft/__data_matrix128x128_txt_0_127_0_127__5_2___data_result_matrix128x128_1_150_1_100__5_2_txt--final_kernel,22016
streamcluster-rodinia-2.0-ft/3_6_16_1024_1024_100_none_output_txt_1___data_result_3_6_16_1024_1024_100_none_1_txt--final_kernel,270408

----------------------------------------------------------------------------------------------------,
gpu_ipc\s*=\s*(.*),
APPS,H100
backprop-rodinia-2.0-ft/4096___data_result_4096_txt--final_kernel,570.6418
bfs-rodinia-2.0-ft/__data_graph4096_txt___data_graph4096_result_txt--final_kernel,13.3144
hotspot-rodinia-2.0-ft/30_6_40___data_result_30_6_40_txt--final_kernel,662.2254
heartwall-rodinia-2.0-ft/__data_test_avi_1___data_result_1_txt--final_kernel,1021.8729
lud-rodinia-2.0-ft/_v__b__i___data_64_dat--final_kernel,0.7758
nw-rodinia-2.0-ft/128_10___data_result_128_10_txt--final_kernel,1.1580
nn-rodinia-2.0-ft/__data_filelist_4_3_30_90___data_filelist_4_3_30_90_result_txt--final_kernel,320.8723
pathfinder-rodinia-2.0-ft/1000_20_5___data_result_1000_20_5_txt--final_kernel,37.1408
srad_v2-rodinia-2.0-ft/__data_matrix128x128_txt_0_127_0_127__5_2___data_result_matrix128x128_1_150_1_100__5_2_txt--final_kernel,222.2938
streamcluster-rodinia-2.0-ft/3_6_16_1024_1024_100_none_output_txt_1___data_result_3_6_16_1024_1024_100_none_1_txt--final_kernel,20.2055

----------------------------------------------------------------------------------------------------,
gpu_occupancy\s*=\s*(.*)%,
APPS,H100
backprop-rodinia-2.0-ft/4096___data_result_4096_txt--final_kernel,23.0174
bfs-rodinia-2.0-ft/__data_graph4096_txt___data_graph4096_result_txt--final_kernel,24.5173
hotspot-rodinia-2.0-ft/30_6_40___data_result_30_6_40_txt--final_kernel,12.0970
heartwall-rodinia-2.0-ft/__data_test_avi_1___data_result_1_txt--final_kernel,22.2452
lud-rodinia-2.0-ft/_v__b__i___data_64_dat--final_kernel,1.5625
nw-rodinia-2.0-ft/128_10___data_result_128_10_txt--final_kernel,1.5625
nn-rodinia-2.0-ft/__data_filelist_4_3_30_90___data_filelist_4_3_30_90_result_txt--final_kernel,10.3996
pathfinder-rodinia-2.0-ft/1000_20_5___data_result_1000_20_5_txt--final_kernel,12.1607
srad_v2-rodinia-2.0-ft/__data_matrix128x128_txt_0_127_0_127__5_2___data_result_matrix128x128_1_150_1_100__5_2_txt--final_kernel,12.4364
streamcluster-rodinia-2.0-ft/3_6_16_1024_1024_100_none_output_txt_1___data_result_3_6_16_1024_1024_100_none_1_txt--final_kernel,23.5522

----------------------------------------------------------------------------------------------------,
L2_BW\s*=\s*(.*)\s*GB\/Sec,
APPS,H100
backprop-rodinia-2.0-ft/4096___data_result_4096_txt--final_kernel,507.6754
bfs-rodinia-2.0-ft/__data_graph4096_txt___data_graph4096_result_txt--final_kernel,2.3966
hotspot-rodinia-2.0-ft/30_6_40___data_result_30_6_40_txt--final_kernel,17.9172
heartwall-rodinia-2.0-ft/__data_test_avi_1___data_result_1_txt--final_kernel,369.1168
lud-rodinia-2.0-ft/_v__b__i___data_64_dat--final_kernel,0.7854
nw-rodinia-2.0-ft/128_10___data_result_128_10_txt--final_kernel,0.9103
nn-rodinia-2.0-ft/__data_filelist_4_3_30_90___data_filelist_4_3_30_90_result_txt--final_kernel,253.1934
pathfinder-rodinia-2.0-ft/1000_20_5___data_result_1000_20_5_txt--final_kernel,9.0731
srad_v2-rodinia-2.0-ft/__data_matrix128x128_txt_0_127_0_127__5_2___data_result_matrix128x128_1_150_1_100__5_2_txt--final_kernel,164.0180
streamcluster-rodinia-2.0-ft/3_6_16_1024_1024_100_none_output_txt_1___data_result_3_6_16_1024_1024_100_none_1_txt--final_kernel,34.5044

----------------------------------------------------------------------------------------------------,
gpgpu_simulation_rate\s+=\s+(.*)\s+\(inst\/sec\),
APPS,H100
backprop-rodinia-2.0-ft/4096___data_result_4096_txt--final_kernel,290315
bfs-rodinia-2.0-ft/__data_graph4096_txt___data_graph4096_result_txt--final_kernel,28079
hotspot-rodinia-2.0-ft/30_6_40___data_result_30_6_40_txt--final_kernel,487154
heartwall-rodinia-2.0-ft/__data_test_avi_1___data_result_1_txt--final_kernel,405924
lud-rodinia-2.0-ft/_v__b__i___data_64_dat--final_kernel,10792
nw-rodinia-2.0-ft/128_10___data_result_128_10_txt--final_kernel,15054
nn-rodinia-2.0-ft/__data_filelist_4_3_30_90___data_filelist_4_3_30_90_result_txt--final_kernel,101843
pathfinder-rodinia-2.0-ft/1000_20_5___data_result_1000_20_5_txt--final_kernel,100084
srad_v2-rodinia-2.0-ft/__data_matrix128x128_txt_0_127_0_127__5_2___data_result_matrix128x128_1_150_1_100__5_2_txt--final_kernel,229487
streamcluster-rodinia-2.0-ft/3_6_16_1024_1024_100_none_output_txt_1___data_result_3_6_16_1024_1024_100_none_1_txt--final_kernel,81142

----------------------------------------------------------------------------------------------------,
gpgpu_simulation_rate\s+=\s+(.*)\s+\(cycle\/sec\),
APPS,H100
backprop-rodinia-2.0-ft/4096___data_result_4096_txt--final_kernel,315
bfs-rodinia-2.0-ft/__data_graph4096_txt___data_graph4096_result_txt--final_kernel,2402
hotspot-rodinia-2.0-ft/30_6_40___data_result_30_6_40_txt--final_kernel,621
heartwall-rodinia-2.0-ft/__data_test_avi_1___data_result_1_txt--final_kernel,397
lud-rodinia-2.0-ft/_v__b__i___data_64_dat--final_kernel,3264
nw-rodinia-2.0-ft/128_10___data_result_128_10_txt--final_kernel,3049
nn-rodinia-2.0-ft/__data_filelist_4_3_30_90___data_filelist_4_3_30_90_result_txt--final_kernel,317
pathfinder-rodinia-2.0-ft/1000_20_5___data_result_1000_20_5_txt--final_kernel,2620
srad_v2-rodinia-2.0-ft/__data_matrix128x128_txt_0_127_0_127__5_2___data_result_matrix128x128_1_150_1_100__5_2_txt--final_kernel,569
streamcluster-rodinia-2.0-ft/3_6_16_1024_1024_100_none_output_txt_1___data_result_3_6_16_1024_1024_100_none_1_txt--final_kernel,4018

----------------------------------------------------------------------------------------------------,
gpgpu_silicon_slowdown\s*=\s*(.*)x,
APPS,H100
backprop-rodinia-2.0-ft/4096___data_result_4096_txt--final_kernel,6285714
bfs-rodinia-2.0-ft/__data_graph4096_txt___data_graph4096_result_txt--final_kernel,824313
hotspot-rodinia-2.0-ft/30_6_40___data_result_30_6_40_txt--final_kernel,3188405
heartwall-rodinia-2.0-ft/__data_test_avi_1___data_result_1_txt--final_kernel,4987405
lud-rodinia-2.0-ft/_v__b__i___data_64_dat--final_kernel,606617
nw-rodinia-2.0-ft/128_10___data_result_128_10_txt--final_kernel,649393
nn-rodinia-2.0-ft/__data_filelist_4_3_30_90___data_filelist_4_3_30_90_result_txt--final_kernel,6246056
pathfinder-rodinia-2.0-ft/1000_20_5___data_result_1000_20_5_txt--final_kernel,755725
srad_v2-rodinia-2.0-ft/__data_matrix128x128_txt_0_127_0_127__5_2___data_result_matrix128x128_1_150_1_100__5_2_txt--final_kernel,3479789
streamcluster-rodinia-2.0-ft/3_6_16_1024_1024_100_none_output_txt_1___data_result_3_6_16_1024_1024_100_none_1_txt--final_kernel,492782

----------------------------------------------------------------------------------------------------,
gpu_tot_ipc\s*=\s*(.*),
APPS,H100
backprop-rodinia-2.0-ft/4096___data_result_4096_txt--final_kernel,921.0867
bfs-rodinia-2.0-ft/__data_graph4096_txt___data_graph4096_result_txt--final_kernel,11.6890
hotspot-rodinia-2.0-ft/30_6_40___data_result_30_6_40_txt--final_kernel,784.2609
heartwall-rodinia-2.0-ft/__data_test_avi_1___data_result_1_txt--final_kernel,1021.8729
lud-rodinia-2.0-ft/_v__b__i___data_64_dat--final_kernel,3.3058
nw-rodinia-2.0-ft/128_10___data_result_128_10_txt--final_kernel,4.9368
nn-rodinia-2.0-ft/__data_filelist_4_3_30_90___data_filelist_4_3_30_90_result_txt--final_kernel,320.6036
pathfinder-rodinia-2.0-ft/1000_20_5___data_result_1000_20_5_txt--final_kernel,38.1959
srad_v2-rodinia-2.0-ft/__data_matrix128x128_txt_0_127_0_127__5_2___data_result_matrix128x128_1_150_1_100__5_2_txt--final_kernel,402.6425
streamcluster-rodinia-2.0-ft/3_6_16_1024_1024_100_none_output_txt_1___data_result_3_6_16_1024_1024_100_none_1_txt--final_kernel,20.1905

